<?xml version="1.0" encoding="UTF-8"?>
<LightningComponentBundle xmlns="http://soap.sforce.com/2006/04/metadata">
    <apiVersion>48.0</apiVersion>
    <description>Activity Application Ids</description>
    <isExposed>true</isExposed>
    <targets>
        <target>lightning__AppPage</target>
        <target>lightning__RecordPage</target>
        <target>lightning__HomePage</target>
    </targets>
    <targetConfigs>
        <targetConfig targets="lightning__RecordPage">
            <property name="recId" type="String" label="Record Id" description="Record Id"/>
        </targetConfig>
    </targetConfigs>
    <masterLabel>Activity Application Ids</masterLabel>
</LightningComponentBundle>